x,y,xdot,ydot,ax,ay
0.8700746399999999,-0.0612894,-0.012746806083062005,-0.1691822445027942,-1.1247723,2.0969129
0.8699471719391693,-0.06298122244502795,-0.013990119519576578,-0.16465711683123369,-0.15247539,0.78473455
0.8698072707439735,-0.06462779361334028,-0.01481135965471182,-0.16031873172411354,0.29692307,0.54358447
0.8696591571474264,-0.06623098093058143,-0.015538917477215222,-0.15664821824476383,0.41905376,-0.16573049
0.8695037679726542,-0.06779746311302906,-0.016660021925462194,-0.15343092663291164,0.06426581,-0.654634
0.8693371677533995,-0.06933177237935818,-0.01808961029737064,-0.14986916199605813,-0.19919764,-0.35030517
0.8691562716504259,-0.07083046399931876,-0.019537475540537586,-0.14603702291996984,-0.1815409,-0.12293927
0.8689608968950204,-0.07229083422851847,-0.02101663034105341,-0.14207317471795658,-0.18447028,-0.031313986
0.8687507305916099,-0.07371156597569803,-0.022481979628339286,-0.13806389682813094,-0.1472973,-0.02350895
0.8685259107953265,-0.07509220494397933,-0.02396608069548582,-0.1340009498513477,-0.14602546,-0.004317004
0.8682862499883717,-0.07643221444249282,-0.025461520980152284,-0.12991355811115018,-0.14089951,-0.012092864
0.8680316347785701,-0.07773135002360432,-0.027011781908842444,-0.1257936611508901,-0.18223728,-0.009611072
0.8677615169594817,-0.07898928663511322,-0.028523406036615653,-0.12165334483299328,-0.13324633,-0.01808938
0.8674762828991155,-0.08020582008344315,-0.03004248315287406,-0.1174859141033877,-0.13317384,-0.017042264
0.8671758580675868,-0.08138067922447703,-0.031616611835166925,-0.11326245994120805,-0.18366693,0.014619483
0.8668596919492351,-0.0825133038238891,-0.03312823111021063,-0.10904607632355216,-0.12010352,-0.016223295
0.8665284096381329,-0.08360376458712462,-0.03464598931029324,-0.10481191226920232,-0.12735978,-0.019400416
0.86618194974503,-0.08465188370981665,-0.03619975130091049,-0.10052917676680431,-0.16713339,0.0094769
0.8658199522320209,-0.08565717547748469,-0.03770448171930248,-0.09623583954901725,-0.12507594,0.0009217015
0.8654429074148279,-0.08661953387297487,-0.039250530026424396,-0.09188136571767619,-0.17573711,0.045037188
0.8650504021145636,-0.08753834753015163,-0.040718084205104185,-0.08757862188963689,-0.10993311,-0.02352006
0.8646432212725126,-0.088414133749048,-0.04218392735854703,-0.0832607868301583,-0.12192118,-0.022745084
0.8642213819989271,-0.08924674161734958,-0.04366563229983942,-0.07886863107448595,-0.15378086,0.038104735
0.8637847256759287,-0.09003542792809444,-0.04509800923191039,-0.07451731069120433,-0.123860426,-0.015788652
0.8633337455836095,-0.09078060103500647,-0.04654669019935478,-0.07006435901417732,-0.16061795,0.074438095
0.862868278681616,-0.09148124462514824,-0.047935726907347306,-0.06568946906214357,-0.1252562,-0.014774948
0.8623889214125425,-0.09213813931576968,-0.04932554776264958,-0.06122627594513685,-0.15050738,0.06410235
0.8618956659349161,-0.09275040207522105,-0.050716895370845255,-0.0567119009985115,-0.17993785,0.10629828
0.8613884969812076,-0.09331752108520616,-0.05202841826023077,-0.05230610732946687,-0.13066542,-0.010883366
0.8608682127986053,-0.09384058215850083,-0.053336295604243855,-0.0478011356369772,-0.15696323,0.08167252
0.8603348498425628,-0.0943185935148706,-0.0546386996328368,-0.043252069205928584,-0.18490879,0.119534895
0.8597884628462344,-0.09475111420692989,-0.05592116995166817,-0.038689595809541524,-0.20073098,0.12711295
0.8592292511467178,-0.09513801016502531,-0.05719016530067919,-0.034107070765666686,-0.22467753,0.1420085
0.858657349493711,-0.09547908087268198,-0.058461810937788385,-0.029501271685749335,-0.26648903,0.1606487
0.858072731384333,-0.09577409358953946,-0.059791962240576826,-0.024874126073428197,-0.3659009,0.17754717
0.8574748117619273,-0.09602283485027374,-0.06136738629748812,-0.0202653162874032,-0.6537191,0.15382835
0.8568611378989525,-0.09622548801314777,-0.06310146303517455,-0.015033286020394335,-0.8556595,0.7670162
0.8562301232686007,-0.09637582087335171,-0.06415629843348697,-0.009226233223079697,-0.2330397,1.3291782
0.8555885602842659,-0.0964680832055825,-0.0653956367798118,-0.0037546181409354677,-0.48658392,0.9948853
0.8549346039164678,-0.09650562938699186,-0.06641809819099327,0.0017360434848417237,-0.33353344,1.0115911
0.8542704229345579,-0.09648826895214345,-0.06743578017752326,0.0070676740300535815,-0.39413399,0.8548366
0.8535960651327826,-0.09641759221184291,-0.06833475922108045,0.012372566725411885,-0.33887675,0.8306985
0.8529127175405719,-0.0962938665445888,-0.06917580559401279,0.017591679215932306,-0.3449771,0.7501397
0.8522209594846317,-0.09611794975242947,-0.0699540700803154,0.022735721185101924,-0.34563482,0.68168557
0.8515214187838286,-0.09589059254057845,-0.07066905901441128,0.02782024485096759,-0.3453629,0.630286
0.8508147281936844,-0.09561239009206877,-0.07128968406727088,0.03291398124631351,-0.31383127,0.6491412
0.8501018313530118,-0.09528325027960564,-0.07183918044808768,0.037970980326877346,-0.30670017,0.6242062
0.8493834395485309,-0.09490354047633687,-0.07237119716609386,0.04293834173842262,-0.3534719,0.54807603
0.8486597275768699,-0.09447415705895264,-0.07279309275612425,0.047931700381598365,-0.3067775,0.588231
0.8479317966493086,-0.09399484005513666,-0.0731318098829712,0.052890157840137716,-0.28844333,0.57002425
0.8472004785504789,-0.09346593847673527,-0.07340126350300864,0.0577793190832621,-0.28425363,0.5194331
0.8464664659154488,-0.09288814528590265,-0.07360647098885843,0.06260076925375732,-0.28461787,0.4721795
0.8457304012055602,-0.09226213759336509,-0.07368353772340265,0.0673637424153904,-0.22063318,0.4358357
0.8449935658283262,-0.09158850016921119,-0.07376052109134555,0.07200383402743774,-0.28441313,0.33806702
0.8442559606174127,-0.09086846182893682,-0.07372232130715038,0.07660388104345418,-0.23153815,0.32356256
0.8435187374043412,-0.09010242301850228,-0.0736299705956143,0.08109076183129456,-0.2397185,0.23870775
0.8427824376983851,-0.08929151540018934,-0.07347872049030081,0.08551390226002963,-0.24173804,0.20484431
0.8420476504934821,-0.08843637637758904,-0.07326681218076646,0.0898872796632252,-0.24154082,0.18664545
0.8413149823716745,-0.08753750358095679,-0.07298901817358869,0.09422335824442135,-0.23592305,0.18266267
0.8405850921899386,-0.08659526999851257,-0.0726145686208936,0.09844016668738677,-0.1995837,0.09859541
0.8398589465037296,-0.0856108683316387,-0.07219895875195885,0.10253481903200909,-0.2171489,0.01417496
0.83913695691621,-0.08458552014131861,-0.07172862092146198,0.10656437182668058,-0.2194994,-0.011752823
0.8384196707069954,-0.0835198764230518,-0.07119520775778239,0.1104474656737835,-0.21295975,-0.11730555
0.8377077186294176,-0.08241540176631396,-0.07060994445200452,0.11433122823596888,-0.21546517,-0.073800586
0.8370016191848976,-0.08127208948395427,-0.06997437435262853,0.11809708418648762,-0.22025186,-0.14715005
0.8363018754413712,-0.0800911186420894,-0.0692870232493048,0.12178902406393385,-0.22193854,-0.17478319
0.8356090052088782,-0.07887322840145006,-0.06854337064269399,0.12542817246576804,-0.21833482,-0.17951617
0.8349235715024512,-0.07761894667679238,-0.06772957271868689,0.12909074970282866,-0.20052974,-0.10613861
0.8342462757752643,-0.07632803917976409,-0.06690351972136874,0.1325832748535595,-0.24178118,-0.22404969
0.8335772405780506,-0.0750022064312285,-0.06600248422826421,0.13605066529868118,-0.21763138,-0.19597596
0.8329172157357679,-0.07364169977824168,-0.0650509725190432,0.1394702570723708,-0.21815008,-0.18822715
0.8322667060105775,-0.07224699720751798,-0.06405107043877392,0.14283537189246964,-0.22048575,-0.18528558
0.8316261953061898,-0.07081864348859329,-0.06299389602228977,0.14615174933995148,-0.21353532,-0.17475107
0.8309962563459669,-0.06935712599519378,-0.061881215945937165,0.14941325706676883,-0.20805761,-0.16829544
0.8303774441865075,-0.06786299342452609,-0.06071155477335088,0.15261680107349415,-0.20069183,-0.16289534
0.829770328638774,-0.06633682541379116,-0.05948849699498984,0.15576024711120792,-0.19643758,-0.15754284
0.8291754436688241,-0.06477922294267907,-0.05820573527588205,0.1588409620921928,-0.18536277,-0.1527919
0.8285933863160653,-0.06319081332175715,-0.05695837673140413,0.1618525873478057,-0.2688287,-0.15222627
0.8280238025487512,-0.06157228744827909,-0.05549990857599627,0.16482742948384854,-0.10509272,-0.11907042
0.8274688034629912,-0.059924013153440606,-0.05413508640926877,0.1677054647638555,-0.24599485,-0.14069478
0.8269274525988985,-0.05824695850580205,-0.052666709216227264,0.17053541826951205,-0.18851265,-0.114463024
0.8264007855067362,-0.056541604323106925,-0.051134832109671235,0.17330310530859755,-0.17074879,-0.09930849
0.8258894371856396,-0.05480857327002095,-0.04963127537224823,0.17600237222364745,-0.24422954,-0.088001594
0.825393124431917,-0.05304854954778448,-0.047976753757848864,0.17867553412531362,-0.13773586,-0.033906393
0.8249133568943385,-0.05126179420653134,-0.04636398546216233,0.18127933305566254,-0.22404814,-0.018992517
0.8244497170397169,-0.049449000875974716,-0.0446915538989467,0.1838416273435002,-0.20825745,0.023993967
0.8240028015007275,-0.04761058460253972,-0.042997503025834896,0.18635171965030647,-0.23030007,0.058541868
0.8235728264704691,-0.04574706740603665,-0.04123995987089975,0.18881443902069964,-0.21005511,0.09941864
0.8231604268717602,-0.04385892301582965,-0.03946616145743201,0.19119165298958038,-0.23670413,0.10450436
0.8227657652571858,-0.041947006485933844,-0.037619158589014254,0.19348372538334063,-0.20531045,0.11134691
0.8223895736712956,-0.040012169232100436,-0.03572992413107865,0.195655289159194,-0.20376813,0.08534621
0.8220322744299848,-0.0380556163405085,-0.03380007790660679,0.19769471438602576,-0.20203276,0.04960017
0.8216942736509187,-0.03607866919664824,-0.031833173469686324,0.19959520946471598,-0.20179014,0.008887542
0.8213759419162219,-0.03408271710200108,-0.029812837354279597,0.20137258430780727,-0.18296096,-0.014294746
0.8210778135426791,-0.032068991258923006,-0.027754620012907235,0.2030257516207568,-0.17776707,-0.036554832
0.82080026734255,-0.03003873374271544,-0.02567871116411033,0.2045548084159714,-0.19082719,-0.057058573
0.8205434802309088,-0.027993185658555724,-0.023589442441617932,0.205970221454753,-0.20627455,-0.06588028
0.8203075858064927,-0.025933483444008195,-0.021488376863155398,0.2072773820940016,-0.22152306,-0.068222925
0.8200927020378611,-0.023860709623068178,-0.019370997546198462,0.20848328971266897,-0.23057309,-0.06255026
0.8198989920623991,-0.021775876725941487,-0.017234345901132767,0.20959038618269227,-0.23509644,-0.053371217
0.8197266486033878,-0.019679972864114565,-0.01507204672360073,0.2106020225975974,-0.2317057,-0.03976019
0.8195759281361519,-0.01757395263813859,-0.012895947087527525,0.2115166654730008,-0.23867549,-0.026518952
0.8194469686652766,-0.015458785983408583,-0.010699647028185526,0.21230990023066268,-0.23772179,-0.036811747
0.8193399721949947,-0.013335686981101956,-0.008476620633542698,0.21298927930154282,-0.22821489,-0.038591273
0.8192552059886592,-0.011205794188086527,-0.006258944666971572,0.21350605696510538,-0.24890004,-0.08808296
0.8191926165419895,-0.009070733618435474,-0.004052702470372052,0.21383811249493664,-0.27281007,-0.15936066
0.8191520895172858,-0.006932352493486107,-0.0018329446487845525,0.21405356945809384,-0.26844174,-0.16237487
0.819133760070798,-0.0047918167989051685,0.0003631279185065373,0.2140964476765846,-0.29927775,-0.22081265
0.819137391349983,-0.0026508523221393226,0.0025259702251473584,0.21399335398654531,-0.33654305,-0.2528935
0.8191626510522344,-0.0005109187822738693,0.00472184823391543,0.21382251837651436,-0.30492637,-0.20726615
0.8192098695345735,0.0016273064014912745,0.006936668556456489,0.21354705949544048,-0.28631523,-0.19779032
0.8192792362201381,0.0037627769964456792,0.0091631168878826,0.21313963569906785,-0.27322376,-0.21525715
0.8193708673890169,0.005894173353436357,0.01138567558131185,0.2122711458580796,-0.27332813,-0.56163245
0.81948472414483,0.008016884812017153,0.013670497430668158,0.21108615129527225,-0.19839214,-0.7636323
0.8196214291191367,0.010127746324969876,0.01592562756141947,0.20987849494790467,-0.20943037,-0.6708271
0.8197806853947509,0.012226531274448922,0.018138701478514353,0.20837906301037545,-0.2328171,-0.84813565
0.819962072409536,0.014310321904552677,0.020148874726056434,0.2070731369751026,-0.41164538,-0.54143703
0.8201635611567966,0.016381053274303704,0.022032706814385968,0.20570779958031976,-0.5182156,-0.4922606
0.8203838882249405,0.018438131270106902,0.023718570909876446,0.20449448787111996,-0.69547915,-0.23468676
0.8206210739340393,0.020483076148818103,0.025509499408220566,0.20363497891388951,-0.5729143,0.22014497
0.8208761689281214,0.022519425937957,0.02764964626144932,0.20305659436634735,-0.21326146,0.60385233
0.821152665390736,0.02454999188162047,0.030202816862243763,0.20205959444634508,0.20449366,0.29435366
0.8214546935593584,0.026570587826083923,0.032789003890558804,0.20034149555347952,0.2502189,-0.30972022
0.821782583598264,0.02857400278161872,0.035085705208819117,0.19839026369555066,-0.012963699,-0.42562163
0.8221334406503521,0.030557905418574227,0.037076061224041675,0.1963550667178117,-0.28928947,-0.39881626
0.8225042012625925,0.03252145608575235,0.03879230163968084,0.1944148610308904,-0.53243333,-0.1999498
0.8228921242789893,0.034465604696061254,0.04041600106610946,0.19275299038518698,-0.59638536,0.17595133
0.8232962842896504,0.03639313459991313,0.0423094111155153,0.19148940934787426,-0.30390275,0.6691223
0.8237193784008056,0.03830802869339187,0.044705271549331974,0.18958379413733314,0.21319535,0.1265939
0.8241664311162988,0.040203866634765204,0.04708939986088908,0.18714136291165726,0.22858018,-0.30129048
0.8246373251149077,0.04207528026388178,0.04924333757244055,0.18451370661483507,0.035304114,-0.37854856
0.8251297584906321,0.04392041733003013,0.05114440504613005,0.18179793559169358,-0.1779794,-0.36416423
0.8256412025410934,0.04573839668594707,0.052779411573769475,0.17908705182671414,-0.40357512,-0.2627638
0.8261689966568311,0.047529267204214215,0.05411682347386291,0.1768047027810509,-0.6615078,0.25599125
0.8267101648915697,0.04929731423202473,0.05571988133915153,0.17493132585810126,-0.3652747,0.7482361
0.8272673637049612,0.05104662749060574,0.057805326838886326,0.17258602896977215,0.13932107,0.36397982
0.8278454169733501,0.05277248778030346,0.060002149211881725,0.16961749918167887,0.28195927,-0.16270043
0.8284454384654689,0.05446866277212025,0.06216230568816283,0.16619187426425444,0.2881024,-0.52178437
0.8290670615223505,0.056130581514762794,0.06408742113734325,0.16263664538137054,0.10385394,-0.554979
0.829707935733724,0.0577569479685765,0.06575032996625259,0.15915302593376443,-0.10621594,-0.39260402
0.8303654390333866,0.05934847822791414,0.0672345417556351,0.1556954472616836,-0.23531552,-0.2820164
0.8310377844509429,0.060905432700530976,0.06840159783219633,0.15230721531325553,-0.5042994,-0.13266505
0.8317218004292649,0.06242850485366353,0.06929646272151828,0.14935163553921993,-0.730491,0.3726898
0.83241476505648,0.06392202120905573,0.07038639729782337,0.14693162213595107,-0.49861658,0.9745399
0.8331186290294583,0.06539133743041524,0.07188791485522729,0.14427440662779228,-0.06119371,0.8066102
0.8338375081780106,0.06683408149669316,0.07369643098764123,0.1408926179153189,0.27606854,0.15881091
0.8345744724878871,0.06824300767584635,0.07556817683315994,0.13695718857219816,0.3833153,-0.31256777
0.8353301542562187,0.06961257956156833,0.07728262798249165,0.13246682230127635,0.2799226,-0.7846556
0.8361029805360436,0.07093724778458109,0.07879276089460527,0.12773309584320122,0.13920176,-0.949023
0.8368909081449897,0.0722145787430131,0.080140425594621,0.12316265792335152,0.04374716,-0.71161467
0.8376923124009359,0.07344620532224662,0.08127915981661933,0.11896370190497924,-0.102826774,-0.27007353
0.838505103999102,0.07463584234129642,0.08234940825295546,0.11487488971069788,-0.11764797,-0.09480367
0.8393285980816316,0.07578459123840339,0.08334341292305569,0.11081555509194285,-0.1434688,-0.0022531892
0.8401620322108622,0.07689274678932283,0.08431668962288902,0.10669557854647033,-0.11535764,-0.0019719577
0.841005199107091,0.07795970257478753,0.08526973828309584,0.10251377749544598,-0.086499006,-0.003871412
0.841857896489922,0.07898484034974199,0.08620488448987147,0.0982561907607513,-0.055083793,-0.020677019
0.8427199453348208,0.0799674022573495,0.08709620697282272,0.0938848229346199,-0.04912166,-0.07633169
0.843590907404549,0.0809062504866957,0.08795748719126635,0.08946825913052399,-0.02819923,-0.064728
0.8444704822764617,0.08180093307800093,0.088776498150129,0.08493151791247709,-0.019739619,-0.12912229
0.845358247257963,0.0826502482571257,0.08953934642036267,0.08033227331229348,-0.023944821,-0.13705412
0.8462536407221667,0.08345357099024864,0.0902427033647681,0.07568957921274413,-0.031454887,-0.12738359
0.8471560677558144,0.08421046678237608,0.09084773895877082,0.07110002638488969,-0.078178555,-0.022598123
0.8480645451454021,0.08492146704622497,0.09145002168220737,0.06637451672530739,-0.031669717,-0.10911916
0.8489790453622241,0.08558521221347805,0.09199904127685925,0.06158610555406578,-0.03418814,-0.12284054
0.8498990357749927,0.08620107326901871,0.09241954074002963,0.05687817157430173,-0.1120395,0.005603491
0.850823231182393,0.08676985498476172,0.09288618078193892,0.05200354841472238,-0.01821421,-0.11579191
0.8517520929902124,0.08728989046890895,0.09319998310477118,0.04722629273647665,-0.12134807,0.027722055
0.8526840928212601,0.08776215339627372,0.09359216187273955,0.04226242333545378,0.0033150753,-0.11580226
0.8536200144399875,0.08818477762962826,0.09381389293328808,0.03738103785467729,-0.11850631,0.011362317
0.8545581533693204,0.08855858800817504,0.09412204773279212,0.03232827718166532,0.013307126,-0.11863493
0.8554993738466483,0.08888187077999168,0.09423709806849868,0.02736085826619261,-0.13249008,0.0099344235
0.8564417448273333,0.08915547936265361,0.09446558240949261,0.022237405265979948,0.024829261,-0.10652282
0.8573864006514282,0.08937785341531342,0.0944898605823635,0.017197207430996876,-0.13400052,0.018793544
0.8583312992572518,0.08954982548962338,0.0944777404096677,0.012204857224673734,-0.12854776,0.1049383
0.8592760766613485,0.08967187406187012,0.09449564578639968,0.007177833793571812,-0.059405517,0.10815119
0.8602210331192125,0.08974365239980583,0.09450673527773384,0.0020661212059275152,-0.028243205,0.062322002
0.8611661004719898,0.08976431361186511,0.09445140510248931,-0.0030909462609427793,-0.05696267,0.056142867
0.8621106145230147,0.08973340414925568,0.09452683113586102,-0.008526314267816623,0.1102876,-0.18379503
0.8630558828343734,0.08964814100657752,0.09446848430206979,-0.014070356875314438,0.016370352,-0.25093603
0.8640005676773941,0.08950743743782437,0.09428200302389746,-0.019578867340654924,-0.072282515,-0.17587186
0.864943387707633,0.08931164876441781,0.09409972896788903,-0.025090125146967842,-0.031948067,-0.14096244
0.8658843849973119,0.08906074751294814,0.09368932868131391,-0.03039444770758536,-0.22658278,0.10441761
0.866821278284125,0.08875680303587229,0.0934210258870774,-0.03561966906646047,-0.057991307,0.21817656
0.8677554885429958,0.08840060634520769,0.09326880204002894,-0.04101915209736241,0.080230765,0.08215451
0.868688176563396,0.08799041482423406,0.09301764342866947,-0.046532169030838545,0.00391319,0.010051844
0.8696183529976828,0.08752509313392567,0.09264968981532416,-0.05201919692764375,-0.09136552,0.076481014
0.870544849895836,0.08700490116464923,0.09229512277831228,-0.05747117369755192,-0.060547538,0.15063809
0.8714678011236191,0.08643018942767372,0.09200744967365929,-0.06299696363044956,0.019386502,0.11720108
0.8723878756203557,0.08580021979136923,0.09170157314590899,-0.06861243792641271,0.011779038,0.07029552
0.8733048913518148,0.0851140954121051,0.09133897195536668,-0.07425780780390795,-0.036822893,0.08396775
0.8742182810713685,0.08437151733406602,0.09096564169842335,-0.0798959935844467,-0.043413114,0.13477859
0.8751279374883527,0.08357255739822154,0.09064631196044598,-0.08559295302728809,0.009725425,0.120623395
0.8760344006079571,0.08271662786794866,0.09033245532226812,-0.0913691079977691,0.01034329,0.088364
0.8769377251611798,0.08180293678797097,0.08999184731031776,-0.09716963125483526,-0.025275644,0.11234186
0.8778376436342831,0.08083124047542262,0.08991308480075268,-0.10331813857547842,0.22215937,-0.18650359
0.8787367744822906,0.07979805908966783,0.08947019658059359,-0.10934238487570151,-0.15585412,-0.006543529
0.8796314764480966,0.07870463524091081,0.08935347683622852,-0.11545984540410145,0.14660254,-0.04984533
0.8805250112164589,0.0775500367868698,0.08903635409016532,-0.12152752523056093,-0.083100565,0.057613
0.8814153747573605,0.07633476153456419,0.08903367623068388,-0.12778940461464525,0.19271278,-0.08148558
0.8823057115196674,0.07505686748841774,0.08881402761499514,-0.13400608663346159,-0.06771808,0.026339985
0.8831938517958173,0.07371680662208312,0.08866581063805343,-0.14006983088618513,-0.050430357,0.2389554
0.8840805099021979,0.07231610831322127,0.08875206911375601,-0.146240097448166,0.11659266,0.19465992
0.8849680305933354,0.07085370733873961,0.08889992370753451,-0.15260045005640588,0.10192391,0.072524324
0.8858570298304107,0.06932770283817555,0.08904682959200677,-0.15898763577200384,0.016439736,0.11591456
0.8867474981263308,0.06773782648045551,0.08929973215842518,-0.16535341441641857,0.025237057,0.20838691
0.887640495447915,0.06608429233629132,0.089738760160421,-0.17182283158094872,0.09952012,0.17850612
0.8885378830495192,0.06436606402048183,0.0902970042253327,-0.1784212192938791,0.09358123,0.1273293
0.8894408530917726,0.06258185182754303,0.09094707657732962,-0.18505521388175147,0.045961585,0.17194697
0.8903503238575459,0.06073129968872551,0.09177433763294848,-0.19171633588040804,0.065970905,0.22650206
0.8912680672338753,0.058814136329921426,0.09282841696658431,-0.1984882550607913,0.11612949,0.19999409
0.8921963514035411,0.05682925377931351,0.0940667499275125,-0.2053712547259901,0.104098134,0.17620036
0.8931370189028163,0.05477554123205361,0.09549662191076097,-0.21230514885094257,0.07758419,0.21402346
0.8940919851219239,0.05265248974354418,0.09747597120952203,-0.2195541800204293,0.38374886,-0.0117746135
0.8950667448340192,0.05045694794333989,0.09943999381595807,-0.22684790256245901,0.10270541,0.03948579
0.8960611447721787,0.0481884689177153,0.10194191378251699,-0.2341646643183119,0.3434752,0.10663695
0.8970805639100039,0.04584682227453218,0.10457927419654259,-0.24153229100578885,0.14732528,0.14920947
0.8981263566519694,0.04343149936447429,0.10756461798820156,-0.2487948554825668,0.12599567,0.34116822
0.8992020028318514,0.04094355080964862,0.11104967451349326,-0.25611288500013285,0.21214427,0.3675337
0.9003124995769863,0.03838242195964729,0.11500367434878181,-0.26354598938717755,0.22262995,0.32926285
0.9014625363204741,0.03574696206577552,0.11945068388761845,-0.27102166128306515,0.20873606,0.3543078
0.9026570431593504,0.03303674545294487,0.12444834895803657,-0.27848153789334706,0.19744247,0.424498
0.9039015266489308,0.030251930074011397,0.1301051216915018,-0.2859339436810502,0.23293784,0.46880728
0.9052025778658458,0.027392590637200894,0.1364658457477618,-0.2933937241974138,0.24595287,0.47624895
0.9065672363233234,0.024458653395226758,0.14357846472365973,-0.30078239357984843,0.23343112,0.53302884
0.90800302097056,0.021450829459428274,0.15153392921547676,-0.3080622091593644,0.22995844,0.5894802
0.9095183602627147,0.01837020736783463,0.16043268964267565,-0.31516884358563946,0.23733275,0.66197723
0.9111226871591415,0.015218518931978236,0.17034963803902728,-0.3220568489266696,0.2216594,0.71901834
0.9128261835395317,0.011997950442711541,0.18140550456733964,-0.32863720917836536,0.22101846,0.7879239
0.9146402385852052,0.008711578350927889,0.19366697369696068,-0.33477822614499636,0.17351788,0.8921767
0.9165769083221748,0.005363796089477925,0.20729189492462066,-0.3403678249661367,0.16297473,0.98739284
0.918649827271421,0.0019601178398165574,0.2223767909307973,-0.3452631670413818,0.123886704,1.0761586
0.920873595180729,-0.001492513830597261,0.23899761439570585,-0.3492501149072372,0.034571216,1.1943535
0.9232635713246861,-0.004985014979669633,0.25727093694801867,-0.3520854737112598,-0.06072014,1.3284345
0.9258362806941662,-0.008505869716782232,0.27729729092944483,-0.35347812453531674,-0.16569756,1.4776298
0.9286092536034607,-0.012040650962135399,0.2991551465241835,-0.3531043257839069,-0.27839398,1.6190112
0.9316008050687026,-0.015571694219974468,0.3228713378220072,-0.3505837897830114,-0.40973666,1.7480917
0.9348295184469226,-0.019077532117804583,0.34837518189465544,-0.3454367486925934,-0.59472686,1.900441
0.9383132702658692,-0.022531899604730517,0.37553673254978487,-0.33716164255469216,-0.8028162,2.0362535
0.942068637591367,-0.025903516030277438,0.40403894153120423,-0.32524045091045817,-1.0965203,2.1239674
0.9461090270066791,-0.02915592053938202,0.4334028227574776,-0.3091171703453083,-1.475267,2.1792552
0.9504430552342539,-0.032247092242835104,0.46301103835099255,-0.2882713503828203,-1.8786325,2.1912239
0.9550731656177638,-0.03512980574666331,0.49202556886916543,-0.262319580143053,-2.3033433,2.1192157
0.9599934213064555,-0.037753001548093836,0.5193474860702103,-0.23096712669560424,-2.7866404,2.0623944
0.9651868961671576,-0.040062672815049875,0.5437568067405283,-0.1940734390878111,-3.2694347,2.1562974
0.9706244642345628,-0.04200340720592799,0.5643506772779279,-0.15211747884017196,-3.3530512,2.163804
0.9762679710073421,-0.04352458199432971,0.5805815744899874,-0.10653764198625022,-2.7442951,1.5595692
0.982073786752242,-0.04458995841419221,0.5905283167118397,-0.05919340994612696,-3.033217,0.33164233
0.9879790699193604,-0.045181892513653475,0.59330529503357,-0.010761850336172357,-3.5381527,-0.05109363
0.9939121228696961,-0.0452895110170152,0.5891654106166834,0.03740232204294366,-3.620947,-0.10186832
0.999803776975863,-0.04491548779658576,0.5787415514675049,0.0835824372853779,-3.4280074,-0.23961677
1.005591192490538,-0.04407966342373198,0.5629718845877894,0.12636002636471932,-3.0839038,-0.42914507
1.011220911336416,-0.04281606316008479,0.5427843392093624,0.16470782166847078,-2.8759625,-0.65813357
1.0166487547285095,-0.04116898494340008,0.51914134299407,0.19815544006556762,-2.8818967,-0.7827378
1.0218401681584501,-0.0391874305427444,0.4930506516199033,0.2266742675100381,-3.0321872,-0.7401283
1.0267706746746492,-0.03692068786764402,0.4654799399366112,0.2505041983099798,-3.2439833,-0.56611997
1.0314254740740154,-0.034415645884544224,0.43821703495943576,0.26971550739619693,-2.5178297,-0.6426797
1.0358076444236097,-0.031718490810582256,0.4118436290518679,0.2846540680123862,-1.8578311,-0.7987353
1.0399260807141284,-0.028871950130458394,0.38631989693492147,0.29589118419566846,-1.7098101,-0.8537853
1.0437892796834776,-0.025913038288501708,0.3619236401678512,0.3039831992065833,-1.6126235,-0.8340516
1.047408516085156,-0.022873206296435876,0.33885766618858365,0.3093922314963359,-1.5220822,-0.8122645
1.0507970927470418,-0.019779283981472516,0.3172397808818447,0.3125806219953115,-1.4294218,-0.7490061
1.0539694905558603,-0.0166534777615194,0.29712699793595837,0.3139129826043094,-1.3269352,-0.69482756
1.05694076053522,-0.013514347935476305,0.2785071997433095,0.3137072210149354,-1.2342708,-0.6473381
1.059725832532653,-0.010377275725326951,0.26134492443503043,0.3122622891476073,-1.1412852,-0.57893187
1.0623392817770034,-0.007254652833850878,0.24556767537517227,0.30973805007662714,-1.063932,-0.586105
1.0647949585307552,-0.004157272333084607,0.2310715825434256,0.3063241587609441,-1.0192628,-0.60164404
1.0671056743561895,-0.0010940307454751657,0.2177577489627588,0.30219003201396455,-0.9955188,-0.6139966
1.069283251845817,0.0019278695746644797,0.20556936866960834,0.29747522304831187,-0.94814765,-0.62573576
1.071338945532513,0.004902621805147599,0.19449518659270904,0.2923412719212799,-0.8319185,-0.5908991
1.0732838973984402,0.007826034524360398,0.1844731163150285,0.28683136674122683,-0.70095307,-0.60667205
1.0751286285615904,0.010694348191772667,0.17539386629131007,0.28096208027194564,-0.60527754,-0.68274325
1.0768825672245035,0.013503968994492122,0.16710522829312835,0.2747659624234049,-0.5910777,-0.79013836
1.0785536195074348,0.01625162861872617,0.1591037621404152,0.2684205925103021,-1.0135175,-0.77417755
1.080144657128839,0.018935834543829192,0.1518035309844083,0.2619858840601318,-0.9619009,-0.7518681
1.081662692438683,0.02155569338443051,0.14518394917750485,0.255488229655423,-0.8742865,-0.7388281
1.083114531930458,0.02411057568098474,0.13916896201839143,0.24901225753806291,-0.81063956,-0.66941214
1.084506221550642,0.02660069825636537,0.1337268144751911,0.2425855145020914,-0.7322695,-0.5957101
1.085843489695394,0.029026553401386282,0.12883143887153664,0.23621075026828045,-0.63773316,-0.5376206
1.0871318040841094,0.03138866090406909,0.12470782557167334,0.23023935109420476,-0.2795362,-0.14240159
1.0883788823398262,0.033691054415011135,0.12095161088275859,0.224021302355492,-0.29734284,-0.40310207
1.0895883984486538,0.035931267438566054,0.11770583099368384,0.21821785259073254,-0.13461885,-0.013324441
1.0907654567585907,0.03811344596447338,0.11479697829741266,0.2122910142951847,-0.12331139,-0.16688545
1.0919134265415649,0.04023635610742522,0.11225608619442376,0.2065932912248585,-0.051040452,0.025665423
1.0930359874035092,0.04230228901967381,0.11004254313422956,0.20097545042529286,0.0015638426,0.06507045
1.0941364128348514,0.04431204352392674,0.10809225207503695,0.19507330317081675,0.011822702,-0.26272002
1.0952173353556018,0.046262776555634905,0.1062104557626312,0.18906246536652918,-0.14547756,-0.41778678
1.096279439913228,0.048153401209300194,0.10429202623909979,0.18309191004224984,-0.38553312,-0.42957902
1.097322360175619,0.04998432030972269,0.10260479750969677,0.1771920544626612,-0.33948,-0.41758618
1.098348408150716,0.0517562408543493,0.10110090511792115,0.17168907550716808,-0.32469022,-0.07955341
1.0993594172018952,0.05347313160942098,0.09989141273185931,0.1663310116071952,-0.19014473,0.0061938646
1.1003583313292138,0.05513644172549293,0.09884884913579112,0.16095004931924972,-0.17081803,-0.07321086
1.1013468198205718,0.05674594221868543,0.09793141321077849,0.1555846803772631,-0.17898917,-0.1135304
1.1023261339526795,0.05830178902245806,0.09712159583501975,0.1502660311471448,-0.19207534,-0.122514084
1.1032973499110297,0.05980444933392951,0.09641516086343754,0.1450166514151008,-0.19828606,-0.108668074
1.104261501519664,0.06125461584808052,0.09571257840809971,0.1399071006855216,-0.29417434,-0.023693802
1.105218627303745,0.06265368685493573,0.09553642941145617,0.13479381566549054,0.1401925,-0.08338334
1.1061739915978595,0.06400162501159064,0.09474862016328667,0.12957786403793584,-0.55365866,-0.2323088
1.1071214777994922,0.06529740365197,0.0943724818780122,0.12469999508038707,-0.21333408,0.046385307
1.1080652026182722,0.06654440360277386,0.09407857628531936,0.1199150556673614,-0.20027947,0.08789422
1.1090059883811254,0.06774355415944748,0.09387610508831264,0.11517788721094678,-0.17200041,0.08560666
1.1099447494320085,0.06889533303155695,0.0939636767714174,0.11037094504241195,0.061272763,-0.032543737
1.1108843861997226,0.06999904248198108,0.09394479209230956,0.1052880527842008,-0.093702175,-0.3511151
1.1118238341206457,0.07105192300982309,0.09371270475416026,0.10007640226017941,-0.34359142,-0.52471006
1.1127609611681872,0.07205268703242489,0.09363958274269493,0.0950488863547272,-0.21251053,-0.38960135
1.1136973569956141,0.07300317589597216,0.09355721215223511,0.09006447617888998,-0.24719009,-0.39205518
1.1146329291171364,0.07390382065776106,0.09333622298670244,0.08512521522105827,-0.4064975,-0.39235327
1.1155662913470035,0.07475507280997165,0.09318029977697323,0.08048453778660875,-0.35771978,-0.14161421
1.116498094344773,0.07555991818783774,0.0932564167520207,0.07608842441389878,-0.1428287,0.056911625
1.1174306585122933,0.07632080243197673,0.09331596429572027,0.07166728702171467,-0.17677662,-0.008980848
1.1183638181552504,0.07703747530219388,0.09344631764418591,0.06722367736672749,-0.11869147,-0.072194256
1.1192982813316923,0.07770971207586115,0.0937107604745834,0.06275069414265406,0.0071074865,-0.14039953
1.120235388936438,0.07833721901728768,0.0937999632962174,0.058049867902484446,-0.17208076,-0.403912
1.1211733885694002,0.07891771769631253,0.09398963663052196,0.05344716756081799,-0.06749793,-0.34452477
1.1221132849357054,0.07945218937192071,0.09406928654704412,0.04869264699510033,-0.17181991,-0.53255314
1.1230539778011759,0.07993911584187172,0.09417346590955854,0.04404311096195784,-0.1352745,-0.46548864
1.1239957124602715,0.0803795469514913,0.09423389051957044,0.039385745568967775,-0.1658548,-0.51021165
1.1249380513654672,0.08077340440718098,0.09432092379161204,0.03484895227341127,-0.12286768,-0.4268796
1.1258812606033832,0.08112189392991509,0.09438249230997456,0.030306377902602738,-0.1314286,-0.46882576
1.126825085526483,0.08142495770894112,0.09446587932033132,0.025856404309475414,-0.089852594,-0.4123707
1.1277697443196864,0.08168352175203587,0.09447540293765554,0.02131354982859843,-0.14317875,-0.540432
1.128714498349063,0.08189665725032186,0.09452031106351223,0.016875058540832197,-0.08293457,-0.47221503
1.129659701459698,0.08206540783573019,0.09450320004366894,0.01242317281058523,-0.11974757,-0.520525
1.1306047334601348,0.08218963956383604,0.09453556031540682,0.00805008274993401,-0.042535543,-0.4773885
1.1315500890632888,0.08227014039133539,0.09448719153201415,0.0036624756359910447,-0.094892025,-0.5260732
1.132494960978609,0.08230676514769529,0.09449260822370431,-0.0006725323103626505,-0.0103885215,-0.50878876
1.133439887060846,0.08230003982459166,0.09451593690109807,-0.0050270729407082045,0.039206214,-0.5620838
1.134385046429857,0.08224976909518458,0.0946508235936768,-0.00940446737402299,0.18471918,-0.61790335
1.1353315546657938,0.08215572442144435,0.09484122546028331,-0.014006800522196786,0.27644342,-0.8731661
1.1362799669203967,0.08201565641622238,0.09486260512460076,-0.018932450626223576,0.14979367,-1.2253458
1.1372285929716426,0.08182633190996015,0.0945996796659648,-0.02348569582825672,-0.08403849,-0.8848801
1.1381745897683022,0.08159147495167758,0.09415239496782465,-0.02763459437144809,-0.22361478,-0.5178322
1.1391161137179804,0.0813151290079631,0.09376351493280555,-0.03142119825818997,-0.12679835,-0.19611463
1.1400537488673084,0.0810009170253812,0.09346006659255751,-0.035152952599867116,-0.008583456,-0.18021773
1.140988349533234,0.08064938749938254,0.09301835858409084,-0.038705069490712556,-0.11374777,-0.03739945
1.1419185331190749,0.0802623368044754,0.09253997919827717,-0.04206692632673943,-0.11962614,0.11365096
1.1428439329110576,0.07984166754120801,0.09214210287013541,-0.045393381127167745,-0.0108758975,0.10951008
1.143765353939759,0.07938773372993634,0.09171487552779307,-0.048758257426969404,-0.011513146,0.03355051
1.144682502695037,0.07890015115566665,0.09120093217769676,-0.052070923223032355,-0.0676706,0.047984492
1.1455945120168138,0.07837944192343632,0.090663257085029,-0.055297661531591116,-0.060827076,0.09473336
1.146501144587664,0.07782646530812042,0.09012851685055838,-0.058491740267994655,-0.027984176,0.08807615
1.1474024297561696,0.07724154790544047,0.08955924698286176,-0.06166596903402961,-0.032258768,0.06899244
1.1482980222259982,0.07662488821510018,0.08903567373021684,-0.06499573312777722,0.044247508,-0.12586445
1.1491883789633004,0.0759749308838224,0.08825699040790781,-0.06810505475653607,-0.17601408,0.056461442
1.1500709488673795,0.07529388033625704,0.08765698996313069,-0.07122291367648177,0.03401678,0.004953175
1.1509475187670108,0.07458165119949223,0.08682118312538559,-0.07415384685455635,-0.16931911,0.1527872
1.1518157305982648,0.07384011273094666,0.08621989268118999,-0.07719816790296057,0.09475311,-0.004172036
1.1526779295250766,0.07306813105191706,0.0853242199062151,-0.08007816530937423,-0.16693453,0.12155746
1.1535311717241388,0.07226734939882332,0.0846346135915555,-0.08302102403482535,0.06928217,0.014414268
1.1543775178600544,0.07143713915847506,0.08367987945776292,-0.08577761786454183,-0.16360842,0.16078138
1.155214316654632,0.07057936297982964,0.08289769380290092,-0.08854140427069095,0.03815654,0.10857677
1.156043293592661,0.06969394893712273,0.08192530528433031,-0.0911769587238834,-0.121911034,0.19549206
1.1568625466455043,0.0687821793498839,0.08111891844017524,-0.09389451348332217,0.07231807,0.06855526
1.157673735829906,0.06784323421505067,0.08018747079648407,-0.09668385932649529,-0.022171067,-0.044633873
1.1584756105378708,0.06687639562178573,0.07920994077724118,-0.09951250786690483,-0.035638336,-0.12767911
1.1592677099456432,0.06588127054311668,0.07800401724400893,-0.10201324270704751,-0.22996607,0.15573113
1.1600477501180833,0.06486113811604621,0.07666667866535383,-0.10389426824719422,-0.3332025,0.7265178
1.1608144169047367,0.06382219543357427,0.0760004466619229,-0.10634798197898268,0.35438913,0.10248291
1.161574421371356,0.06275871561378445,0.07509907211557074,-0.10904100493125132,0.14781073,-0.1744866
1.1623254120925117,0.061668305564471934,0.0739086460433679,-0.11171562507801173,-0.10753136,-0.19838163
1.1630644985529455,0.060551149313691814,0.07225165776398686,-0.11349200171558195,-0.54024225,0.65186083
1.1637870151305854,0.05941622929653599,0.0713931314689401,-0.11581271872548646,0.27474424,0.050306804
1.1645009464452747,0.058258102109281125,0.07046706526926134,-0.1184135546982267,0.23531838,-0.27078745
1.1652056170979672,0.05707396656229886,0.06895255705826228,-0.12068368060751854,-0.31905505,0.017652445
1.1658951426685498,0.05586712975622367,0.06752861343231041,-0.12247642070496365,-0.20061947,0.44102892
1.1665704288028729,0.05464236554917403,0.066178006365073,-0.12427498038527873,-0.108302675,0.38316047
1.1672322088665237,0.05339961574532125,0.06522600549309998,-0.1267181891915869,0.30990878,-0.31190762
1.1678844689214547,0.05213243385340538,0.06374101641797578,-0.12860219771601902,-0.19012561,0.20498209
1.1685218790856344,0.05084641187624519,0.06224521821037282,-0.13034749983989882,-0.17884104,0.29071257
1.169144331267738,0.0495429368778462,0.06064663770575028,-0.13220405951618794,-0.26179618,0.12638633
1.1697507976447956,0.04822089628268432,0.05896180726559326,-0.1339870741229007,-0.32551634,0.14493226
1.1703404157174515,0.04688102554145531,0.05759414642624457,-0.13605135386460113,0.013248286,-0.19294257
1.170916357181714,0.0455205120028093,0.05634614408400326,-0.13807928557481364,0.16068518,-0.20674147
1.1714798186225541,0.04413971914706116,0.05469865108748146,-0.13955318711038525,-0.21134755,0.29956508
1.172026805133429,0.04274418727595731,0.05340679196575667,-0.14151817586058527,0.1609801,-0.24722913
1.1725608730530865,0.041329005517351455,0.05168459456508847,-0.14286383376128076,-0.24239422,0.32361677
1.1730777189987374,0.03990036717973865,0.04993389222401503,-0.14438107868383004,-0.25602195,0.094935596
1.1735770579209774,0.03845655639290035,0.04804367183156705,-0.14544410963118906,-0.3767839,0.4915953
1.1740574946392932,0.03700211529658846,0.046267003506805626,-0.14639165283480102,-0.25308773,0.5468192
1.1745201646743613,0.03553819876824045,0.04497389552519005,-0.14725652656436652,0.23879513,0.5716321
1.174969903629613,0.03406563350259678,0.043536514230706404,-0.1481914150235958,0.10159749,0.45355698
1.17540526877192,0.032583719352360825,0.042014063573486915,-0.1491538591776739,0.025127746,0.37513143
1.175825409407655,0.031092180760584086,0.04053416233322604,-0.14999362989912995,0.07703327,0.44531077
1.1762307510309873,0.029592244461592785,0.03906462580172472,-0.15096487302540543,0.09454964,0.26227075
1.1766213972890045,0.02808259573133873,0.03746980801177777,-0.1520802491924271,-0.020742487,0.066857256
1.1769960953691223,0.02656179323941446,0.035815747912805014,-0.1531971936112103,-0.066905506,0.011559818
1.1773542528482503,0.025029821303302356,0.03417478714194775,-0.15423782729671645,-0.040414404,0.0329992
1.1776960007196697,0.023487443030335193,0.03245625454350705,-0.15526570004617168,-0.105815835,-0.008810162
1.1780205632651048,0.021934786029873476,0.030706023764289225,-0.1563801436465362,-0.12531623,-0.15146318
1.1783276235027478,0.020370984593408116,0.0289017050822171,-0.1572938570033053,-0.16515873,-0.007410618
1.1786166405535698,0.018798046023375065,0.027155380076937814,-0.1580708037998355,-0.09660434,0.07161745
1.1788881943543392,0.01721733798537671,0.025440670540560553,-0.15878415237812946,-0.056824595,0.07867778
1.1791426010597448,0.015629496461595414,0.02371947959413581,-0.1596450006875368,-0.056122035,-0.12468099
1.1793797958556862,0.014033046454720047,0.02194412190980951,-0.16023681483237265,-0.09989016,0.08841017
1.1795992370747843,0.01243067830639632,0.020190906214388186,-0.16078658013134586,-0.07246196,0.07345271
1.1798011461369282,0.010822812505082862,0.01846995522745813,-0.16158702697751132,-0.035471108,-0.23374262
1.1799858456892027,0.009206942235307748,0.016641864066255795,-0.16233610787470007,-0.13260904,-0.238198
1.1801522643298652,0.007583581156560748,0.014913937318513123,-0.16313293942174328,-0.023223234,-0.3439056
1.1803014037030504,0.005952251762343315,0.012753294361924024,-0.16351472123170546,-0.44546592,0.015200353
1.1804289366466696,0.00431710455002626,0.010973251048537466,-0.16374791209004164,-0.062459685,0.099187754
1.1805386691571549,0.002679625429125844,0.00919428255601092,-0.16395066354789656,-0.061487876,0.07268329
1.180630611982715,0.0010401187936468783,0.007416292543622853,-0.16411058305353685,-0.060976364,0.05864527
1.1807047749081512,-0.0006009870368884902,0.0056445310301686,-0.1642176545079545,-0.055828873,0.05469295
1.1807612202184528,-0.0022431635819680352,0.003880479683781832,-0.16426680303853028,-0.050015956,0.055989407
1.1808000250152906,-0.0038858316123533384,0.0020944012115135554,-0.16431559300779808,-0.07486231,-7.428353e-05
1.1808209690274056,-0.0055289875424313194,0.0004590495188722529,-0.16451920870123268,0.07327025,-0.21171133
1.1808255595225943,-0.007174179629443646,-0.0014245945188332463,-0.16457802698478896,-0.17427549,-0.120665506
1.1808113135774059,-0.008819959899291536,-0.0032472959193974166,-0.16454800973548145,-0.11532518,-0.09052517
1.1807788406182118,-0.01046543999664635,-0.005086857053341003,-0.16435581312324082,-0.13565807,0.014208492
1.1807279720476784,-0.012108998127878759,-0.0068599211164771055,-0.16416382490220985,-0.07561438,-0.043746546
1.1806593728365136,-0.013750636376900858,-0.008638581773233803,-0.16383932416905705,-0.08738231,0.032398682
1.1805729870187813,-0.015389029618591428,-0.010350094507258,-0.1635610653291695,-0.028813304,-0.07027769
1.1804694860737088,-0.017024640271883124,-0.012182702090524142,-0.16312078890740134,-0.1573094,0.036703065
1.1803476590528035,-0.01865584816095714,-0.01384858808726113,-0.1627249084760766,-0.0010128679,-0.065106206
1.1802091731719309,-0.020283097245717904,-0.01563626720663988,-0.16217903295329378,-0.13204943,0.030863428
1.1800528104998644,-0.02190488757525084,-0.017458997201479323,-0.16126289744742187,-0.17914034,0.3447116
1.1798782205278497,-0.02351751654972506,-0.01890864819691241,-0.16068154479110028,0.17477582,-0.047129285
1.1796891340458806,-0.025124331997636064,-0.020548192503935015,-0.16010752387279073,-0.027254542,-0.10396818
1.1794836521208412,-0.02672540723636397,-0.02236880412217051,-0.15905426423692628,-0.22020012,0.3220314
1.1792599640796195,-0.028315949878733232,-0.023814071667205904,-0.15839525077633615,0.13390155,-0.12902771
1.1790218233629475,-0.029899902386496594,-0.025381579180880333,-0.1577914578838754,-0.0013350804,-0.23347113
1.1787680075711386,-0.031477816965335345,-0.027100380614410828,-0.15704020947180944,-0.16438678,-0.13762507
1.1784970037649944,-0.03304821906005344,-0.02892659774947272,-0.15605703228353512,-0.28630778,0.039705534
1.1782077377874998,-0.03460878938288879,-0.03069557060742269,-0.1544213178001124,-0.2479065,0.6355308
1.1779007820814256,-0.036153002560889914,-0.03190481159586795,-0.1532747794129468,0.2803175,0.09082956
1.1775817339654668,-0.03768575035501938,-0.03335220409017436,-0.1518701782592116,0.020868318,0.30467042
1.177248211924565,-0.03920445213761149,-0.03451689541279266,-0.15108728520121806,0.27720213,-0.3659225
1.1769030429704372,-0.04071532498962367,-0.03585925435423817,-0.15043204591692316,0.085858844,-0.536709
1.176544450426895,-0.042219645448792906,-0.037826084888162304,-0.1491566349541597,-0.54968446,0.036831897
1.1761661895780133,-0.0437112117983345,-0.03946281121571244,-0.14776010007040813,-0.24291828,0.098854855
1.1757715614658562,-0.04518881279903859,-0.04094442670255622,-0.1461755049663727,-0.11302227,0.23442069
1.1753621171988307,-0.046650567848702314,-0.042226047642137075,-0.1445494227481902,0.058390196,0.22655806
1.1749398567224092,-0.048096062076184214,-0.04345276235054328,-0.14292163364886729,0.08423105,0.18298416
1.1745053290989038,-0.04952527841267289,-0.04465223175881183,-0.14142523127304102,0.08263656,0.0075029936
1.1740588067813158,-0.0509395307254033,-0.04590666610333649,-0.13992783250618152,0.0017047817,-0.0349635
1.1735997401202825,-0.05233880905046511,-0.04708290907705306,-0.13866477495941013,0.05413623,-0.31379753
1.173128911029512,-0.05372545680005921,-0.04844576132768467,-0.13724908486925738,-0.15327826,-0.20404029
1.1726444534162352,-0.05509794764875178,-0.049948043177453556,-0.13526139175713844,-0.31636077,0.32139036
1.1721449729844606,-0.056450561566323165,-0.05113538544841725,-0.13329467244561308,-0.03618072,0.2510695
1.1716336191299765,-0.057783508290779294,-0.052198444572015425,-0.13127733175649436,0.05426446,0.25867444
1.1711116346842565,-0.05909628160834424,-0.0530978613434244,-0.1297720550867826,0.18340787,-0.29385617
1.1705806560708223,-0.06039400215921206,-0.054211864490614936,-0.12811567776963212,-0.055124782,-0.1798729
1.1700385374259161,-0.061675158936908385,-0.055409979394139,-0.12626028213851387,-0.16604409,-0.02221274
1.1694844376319746,-0.06293776175829352,-0.05657816988506895,-0.12401758978741743,-0.16660082,0.32206416
1.168918655933124,-0.0641779376561677,-0.05753469830273438,-0.12169565607302373,0.00722915,0.35889578
1.1683433089500965,-0.06539489421689793,-0.058324754899684805,-0.11981136028476153,0.13474387,-0.11688532
1.1677600614010997,-0.06659300781974554,-0.059202240727754735,-0.11792872546764559,0.017493928,-0.15329808
1.1671680389938222,-0.067772295074422,-0.06015554684504204,-0.11586542379458376,-0.08787445,-0.009083485
1.1665664835253717,-0.06893094931236785,-0.06103447182270821,-0.11394600066801423,-0.046357475,-0.19090766
1.1659561388071447,-0.07007040931904798,-0.06199552826571049,-0.11174161690252825,-0.15809317,0.057605784
1.1653361835244875,-0.07118782548807326,-0.06287973080502324,-0.10926220533149969,-0.11621001,0.2945473
1.1647073862164372,-0.07228044754138825,-0.06359765347532728,-0.1067731641868303,0.010040266,0.26762226
1.164071409681684,-0.07334817918325655,-0.06419705241523532,-0.10453083251899047,0.08881462,-0.012303606
1.1634294391575317,-0.07439348750844646,-0.06481370387402718,-0.10234830143248655,0.0371575,-0.10291859
1.1627813021187914,-0.07541697052277133,-0.06545916554213867,-0.10013921126080536,-0.024540368,-0.1074907
1.16212671046337,-0.07641836263537938,-0.06612452432719607,-0.09780357146262796,-0.07752266,-0.012638007
1.161465465220098,-0.07739639835000565,-0.06677727082179313,-0.09546054163125264,-0.1001576,-0.037348032
1.1607976925118801,-0.07835100376631818,-0.06738332117952177,-0.09281947664993029,-0.08843565,0.22882453
1.1601238593000849,-0.07927919853281748,-0.06787288670727612,-0.09013697167266344,-0.012453064,0.23931128
1.1594451304330122,-0.08018056824954412,-0.06826158262519628,-0.08749650532981405,0.047576357,0.16863528
1.1587625146067602,-0.08105553330284225,-0.06859677969319877,-0.08499104458022722,0.06153819,0.0070087737
1.1580765468098282,-0.08190544374864452,-0.068921394542775,-0.0826258165435767,0.035707254,-0.15876901
1.1573873328644004,-0.08273170191408029,-0.0692728052034411,-0.08020285665484544,-0.024310304,-0.12637095
1.156694604812366,-0.08353373048062875,-0.06964253493528626,-0.07774940105577002,-0.07663806,-0.12176003
1.1559981794630132,-0.08431122449118644,-0.07006253892515141,-0.07519055325001521,-0.1611202,-0.042649336
1.1552975540737618,-0.0850631300236866,-0.07037341243377858,-0.07225968269316742,-0.08786177,0.30204096
1.154593819949424,-0.08578572685061826,-0.07060127314077196,-0.06929781453194286,-0.047651548,0.30782235
1.153887807218016,-0.0864787049959377,-0.0707654463949321,-0.06634652673413674,-0.026821576,0.27364346
1.1531801527540668,-0.08714217026327907,-0.07076248272663727,-0.06337826681492315,0.098223835,0.2682545
1.1524725279268004,-0.0877759529314283,-0.07073168346556241,-0.06065095789013085,0.084171705,0.0082498435
1.1517652110921448,-0.0883824625103296,-0.07069259082479461,-0.0580616513388006,0.05588622,-0.14825656
1.1510582851838969,-0.08896307902371761,-0.07064691546798994,-0.05550502440882484,0.029088352,-0.19929239
1.150351816029217,-0.08951812926780586,-0.07064582564892646,-0.05299126783810814,-0.04780481,-0.2604172
1.1496453577727277,-0.09004804194618694,-0.0706304311865636,-0.050360552511136386,-0.064523526,-0.16264373
1.1489390534608621,-0.0905516474712983,-0.07068986322045585,-0.047611986199309286,-0.172257,-0.06375363
1.1482321548286576,-0.0910277673332914,-0.07076231669078582,-0.04455990651669582,-0.22004448,0.21923585
1.1475245316617497,-0.09147336639845836,-0.0705921430148099,-0.04115185938422357,-0.017669458,0.5543233
1.1468186102316016,-0.0918848849923006,-0.07027376151052506,-0.03773989787670759,0.0838595,0.5421027
1.1461158726164964,-0.09226228397106769,-0.0698748591360122,-0.03448905071496439,0.11832167,0.36776614
1.1454171240251363,-0.09260717447821733,-0.06946548343458252,-0.03144085053197776,0.08661517,0.15348366
1.1447224691907905,-0.0929215829835371,-0.06903801919116846,-0.028528602431704336,0.067177854,0.0060912753
1.1440320889988789,-0.09320686900785415,-0.06860903312193557,-0.02574923125048924,0.034457993,-0.13788684
1.1433459986676595,-0.09346436132035904,-0.06824607930314378,-0.023017384911031277,-0.062616095,-0.19650953
1.1426635378746282,-0.09369453516946935,-0.06782828978606174,-0.020235150329053948,-0.03734498,-0.15857491
1.1419852549767675,-0.09389688667275989,-0.067553839491642,-0.017356857879930136,-0.21069002,-0.07393561
1.141309716581851,-0.09407045525155919,-0.06708781191835236,-0.01421968684184101,-0.050462168,0.17060463
1.1406388384626676,-0.09421265211997759,-0.06666584322201258,-0.010919228031702394,-0.13035113,0.32328323
1.1399721800304474,-0.09432184440029462,-0.0660561849562724,-0.007413047528197651,0.018950453,0.517461
1.1393116181808847,-0.09439597487557659,-0.06530242812453309,-0.003904724918547954,0.121351734,0.5117387
1.1386585938996394,-0.09443502212476207,-0.0646006052761109,-0.0005194954582971967,0.028485183,0.3836382
1.1380125878468783,-0.09444021707934504,-0.06384259549182508,0.0028469680535825443,0.04697168,0.35884005
1.1373741618919602,-0.09441174739880921,-0.0630579814118967,0.006161187256133951,0.037038516,0.30168176
1.136743582077841,-0.09435013552624787,-0.062364087908763105,0.009491235644222155,-0.08838957,0.31313828
1.1361199411987535,-0.09425522316980564,-0.06144516931368195,0.012915100042345218,0.10239737,0.4007835
1.1355054895056167,-0.0941260721693822,-0.06058286510029373,0.016239230058773233,0.010533729,0.2993653
1.1348996608546138,-0.09396367986879446,-0.05983731547279737,0.019591040659759022,-0.13865781,0.32428852
1.134301287699886,-0.09376776946219686,-0.05880790402916889,0.023062361483692187,0.113057375,0.43874967
1.1337132086595942,-0.09353714584735995,-0.057957464809040356,0.026454241328352175,-0.099509895,0.3599445
1.133133634011504,-0.09327260343407642,-0.05700314766478559,0.030002731600430613,-0.026763475,0.51371694
1.132563602534856,-0.09297257611807212,-0.05579043110367265,0.033513552322212405,0.19834137,0.47533977
1.1320056982238194,-0.09263744059485,-0.05493319270314371,0.03686144691776211,-0.18867324,0.31696865
1.131456366296788,-0.09226882612567239,-0.05393016659060176,0.04049851444620113,-0.07026689,0.60378164
1.130917064630882,-0.09186384098121038,-0.052765104058677535,0.04419803446806276,0.059656385,0.6668749
1.1303894135902952,-0.09142186063652975,-0.05155044359584483,0.047759420990397546,0.07700672,0.53277034
1.1298739091543368,-0.09094426642662577,-0.050372032510950036,0.051277884462695884,0.012362856,0.49508992
1.1293701888292274,-0.09043148758199882,-0.049022348315189195,0.054531923547185536,0.15715025,0.2354439
1.1288799653460755,-0.08988616834652696,-0.04778254112050624,0.05756984528447606,0.027163101,0.0278011
1.1284021399348705,-0.0893104698936822,-0.046857884572369043,0.06054702087555575,-0.3028434,-0.026308497
1.1279335610891468,-0.08870499968492665,-0.045538240574447365,0.06365920557184483,0.07944005,0.10938079
1.1274781786834023,-0.0880684076292082,-0.044529933144463935,0.06664071245175934,-0.24619114,-0.012461557
1.1270328793519577,-0.0874020005046906,-0.04327750254497184,0.06973212713843464,-0.012772173,0.10048972
1.126600104326508,-0.08670467923330626,-0.042270470582243855,0.07294465360958184,-0.26995108,0.22987556
1.1261773996206854,-0.08597523269721044,-0.041062905648412876,0.0763024789216331,-0.08256292,0.3790185
1.1257667705642014,-0.08521220790799411,-0.03969669299569464,0.07950048123868135,0.06130192,0.22747219
1.1253698036342443,-0.0844172030956073,-0.03837715098012636,0.08252412483261577,0.0042867055,0.06510827
1.1249860321244431,-0.08359196184728114,-0.03722579971061935,0.08544762205515863,-0.16964908,-0.023322253
1.124613774127337,-0.08273748562672956,-0.03617305450117595,0.08856585892316754,-0.27090928,0.18045326
1.1242520435823253,-0.08185182703749788,-0.03476610054527815,0.09166667357810974,0.07791329,0.17076008
1.1239043825768726,-0.08093516030171678,-0.033717241630943105,0.09478957569789283,-0.28389886,0.20834427
1.1235672101605632,-0.07998726454473785,-0.03244533565131242,0.09794237321400684,-0.0638924,0.24746512
1.12324275680405,-0.07900784081259779,-0.031014634516459954,0.10096271569272484,0.09262161,0.12950239
1.1229326104588853,-0.07799821365567054,-0.03004348454265163,0.10392779902818061,-0.36531547,0.092881165
1.1226321756134587,-0.07695893566538874,-0.028589886464346317,0.10694292121928736,0.120946296,0.15347347
1.1223462767488153,-0.07588950645319587,-0.02745239907918096,0.10974582243496572,-0.1909872,-0.037563663
1.1220717527580235,-0.0747920482288462,-0.026486559005423994,0.1127291127407365,-0.3531377,0.15896058
1.1218068871679692,-0.07366475710143884,-0.02513632922728378,0.11576918679140642,0.038320493,0.22965336
1.1215555238756962,-0.07250706523352478,-0.024128677038759552,0.11891426307090967,-0.296957,0.35747954
1.1213142371053086,-0.07131792260281568,-0.022791313946270174,0.1218998002044299,0.039073657,0.21540794
1.121086323965846,-0.07009892460077138,-0.021804554864178132,0.12492530237473887,-0.30063683,0.28088343
1.1208682784172042,-0.068849671577024,-0.02066869198246318,0.12804182178699705,-0.14038433,0.39208728
1.1206615914973794,-0.06756925335915404,-0.019521375861948336,0.1310733656646438,-0.11831331,0.33191958
1.12046637773876,-0.0662585197025076,-0.018401754431023105,0.13399376800494558,-0.13250405,0.24764316
1.1202823601944498,-0.06491858202245814,-0.017352239531687838,0.1367582048250655,-0.18579252,0.119930714
1.1201088377991328,-0.06355099997420748,-0.016312952842089137,0.1394757206452617,-0.17507981,0.10189598
1.119945708270712,-0.06215624276775486,-0.015310988134445386,0.14217934146197325,-0.18960263,0.118785046
1.1197925983893675,-0.06073444935313513,-0.0143457142334839,0.14481211044194714,-0.20238426,0.080180995
1.1196491412470326,-0.05928632824871566,-0.013252676204451114,0.14737342210516766,-0.048521742,0.04254889
1.1195166144849882,-0.057812594027663984,-0.012554571913067088,0.14984173655617763,-0.41525134,-0.011663226
1.1193910687658575,-0.05631417666210221,-0.011667266217394372,0.15235769854100725,-0.19555543,0.06944361
